-- 营销部分数据
INSERT INTO `ct_material_center_item` (`id`, `category_id`, `name`, `file_url`, `create_time`, `delete_time`) VALUES ('57', '56', '待付款', 'https://oss.x-x-x-x-x-x-x.com/backstage/57.png', '2022-10-11 20:16:33', NULL);
INSERT INTO `ct_material_center_item` (`id`, `category_id`, `name`, `file_url`, `create_time`, `delete_time`) VALUES ('58', '56', '已逾期', 'https://oss.x-x-x-x-x-x-x.com/backstage/58.png', '2022-10-17 13:03:30', NULL);
INSERT INTO `ct_material_center_item` (`id`, `category_id`, `name`, `file_url`, `create_time`, `delete_time`) VALUES ('59', '56', '租用中', 'https://oss.x-x-x-x-x-x-x.com/backstage/59.png', '2022-10-17 13:04:05', NULL);
INSERT INTO `ct_material_center_item` (`id`, `category_id`, `name`, `file_url`, `create_time`, `delete_time`) VALUES ('60', '56', '待结算', 'https://oss.x-x-x-x-x-x-x.com/backstage/60.png', '2022-10-17 13:04:23', NULL);
INSERT INTO `ct_material_center_item` (`id`, `category_id`, `name`, `file_url`, `create_time`, `delete_time`) VALUES ('61', '56', '收藏夹', 'https://oss.x-x-x-x-x-x-x.com/backstage/61.png', '2022-10-17 13:04:38', NULL);
INSERT INTO `ct_material_center_item` (`id`, `category_id`, `name`, `file_url`, `create_time`, `delete_time`) VALUES ('62', '56', '待发货', 'https://oss.x-x-x-x-x-x-x.com/backstage/62.png', '2022-10-17 13:04:57', NULL);
INSERT INTO `ct_material_center_item` (`id`, `category_id`, `name`, `file_url`, `create_time`, `delete_time`) VALUES ('63', '56', '收货地址', 'https://oss.x-x-x-x-x-x-x.com/backstage/63.png', '2022-10-17 13:05:28', NULL);
INSERT INTO `ct_material_center_item` (`id`, `category_id`, `name`, `file_url`, `create_time`, `delete_time`) VALUES ('64', '56', '优惠券', 'https://oss.x-x-x-x-x-x-x.com/backstage/64.png', '2022-10-17 13:05:53', NULL);
INSERT INTO `ct_material_center_item` (`id`, `category_id`, `name`, `file_url`, `create_time`, `delete_time`) VALUES ('65', '56', '投诉建议', 'https://oss.x-x-x-x-x-x-x.com/backstage/65.png', '2022-10-17 13:06:11', NULL);
INSERT INTO `ct_material_center_item` (`id`, `category_id`, `name`, `file_url`, `create_time`, `delete_time`) VALUES ('66', '56', '联系客服', 'https://oss.x-x-x-x-x-x-x.com/backstage/66.png', '2022-10-17 13:06:29', NULL);
INSERT INTO `ct_material_center_item` (`id`, `category_id`, `name`, `file_url`, `create_time`, `delete_time`) VALUES ('67', '56', '押金充值', 'https://oss.x-x-x-x-x-x-x.com/backstage/67.png', '2022-10-17 13:06:47', NULL);
INSERT INTO `ct_material_center_item` (`id`, `category_id`, `name`, `file_url`, `create_time`, `delete_time`) VALUES ('68', '56', '待收货', 'https://oss.x-x-x-x-x-x-x.com/backstage/68.png', '2022-10-17 13:07:01', NULL);
INSERT INTO `ct_material_center_item` (`id`, `category_id`, `name`, `file_url`, `create_time`, `delete_time`) VALUES ('69', '58', '横幅1', 'https://oss.x-x-x-x-x-x-x.com/backstage/69.png', '2022-10-17 13:14:51', NULL);
INSERT INTO `ct_material_center_item` (`id`, `category_id`, `name`, `file_url`, `create_time`, `delete_time`) VALUES ('70', '60', '游戏电玩', 'https://oss.x-x-x-x-x-x-x.com/backstage/70.png', '2022-10-17 13:18:53', NULL);
INSERT INTO `ct_material_center_item` (`id`, `category_id`, `name`, `file_url`, `create_time`, `delete_time`) VALUES ('71', '60', '手机', 'https://oss.x-x-x-x-x-x-x.com/backstage/71.png', '2022-10-17 13:19:22', NULL);
INSERT INTO `ct_material_center_item` (`id`, `category_id`, `name`, `file_url`, `create_time`, `delete_time`) VALUES ('72', '60', '配件', 'https://oss.x-x-x-x-x-x-x.com/backstage/72.png', '2022-10-17 13:19:34', NULL);
INSERT INTO `ct_material_center_item` (`id`, `category_id`, `name`, `file_url`, `create_time`, `delete_time`) VALUES ('73', '60', '相机', 'https://oss.x-x-x-x-x-x-x.com/backstage/73.png', '2022-10-17 13:19:48', NULL);
INSERT INTO `ct_material_center_item` (`id`, `category_id`, `name`, `file_url`, `create_time`, `delete_time`) VALUES ('74', '60', '电脑平板', 'https://oss.x-x-x-x-x-x-x.com/backstage/74.png', '2022-10-17 13:20:06', NULL);
INSERT INTO `ct_material_center_item` (`id`, `category_id`, `name`, `file_url`, `create_time`, `delete_time`) VALUES ('75', '60', '健康', 'https://oss.x-x-x-x-x-x-x.com/backstage/75.png', '2022-10-17 13:20:22', NULL);
INSERT INTO `ct_material_center_item` (`id`, `category_id`, `name`, `file_url`, `create_time`, `delete_time`) VALUES ('76', '60', '苹果', 'https://oss.x-x-x-x-x-x-x.com/backstage/76.png', '2022-10-17 13:20:35', NULL);
INSERT INTO `ct_material_center_item` (`id`, `category_id`, `name`, `file_url`, `create_time`, `delete_time`) VALUES ('77', '60', '更多', 'https://oss.x-x-x-x-x-x-x.com/backstage/77.png', '2022-10-17 13:20:46', NULL);
INSERT INTO `ct_material_center_item` (`id`, `category_id`, `name`, `file_url`, `create_time`, `delete_time`) VALUES ('78', '57', '主图', 'https://oss.x-x-x-x-x-x-x.com/backstage/78.jpeg', '2022-10-17 13:27:38', NULL);
INSERT INTO `ct_material_center_item` (`id`, `category_id`, `name`, `file_url`, `create_time`, `delete_time`) VALUES ('79', '59', '副图1', 'https://oss.x-x-x-x-x-x-x.com/backstage/79.png', '2022-10-17 13:28:37', NULL);

INSERT INTO `ct_page_element_config` (`id`, `material_center_item_id`, `type`, `link`, `sort_num`, `describe_info`, `ext_code`, `channel_id`, `create_time`, `delete_time`) VALUES ('104', NULL, 'SPECIAL_TITLE_SUB', NULL, NULL, '限时抢租', NULL, '000', '2022-10-17 13:26:48', NULL);
INSERT INTO `ct_page_element_config` (`id`, `material_center_item_id`, `type`, `link`, `sort_num`, `describe_info`, `ext_code`, `channel_id`, `create_time`, `delete_time`) VALUES ('103', NULL, 'SPECIAL_TITLE_MAIN', NULL, NULL, '火热爆款', NULL, '000', '2022-10-17 13:26:42', NULL);
INSERT INTO `ct_page_element_config` (`id`, `material_center_item_id`, `type`, `link`, `sort_num`, `describe_info`, `ext_code`, `channel_id`, `create_time`, `delete_time`) VALUES ('83', '57', 'MY_ORDER', '#', '1', '待付款', 'ORDER_WAIT_PAY', '000', '2022-10-17 13:07:50', NULL);
INSERT INTO `ct_page_element_config` (`id`, `material_center_item_id`, `type`, `link`, `sort_num`, `describe_info`, `ext_code`, `channel_id`, `create_time`, `delete_time`) VALUES ('88', '58', 'MY_ORDER', '#', '6', '已逾期', 'ORDER_OVERDUE', '000', '2022-10-17 13:09:27', NULL);
INSERT INTO `ct_page_element_config` (`id`, `material_center_item_id`, `type`, `link`, `sort_num`, `describe_info`, `ext_code`, `channel_id`, `create_time`, `delete_time`) VALUES ('86', '59', 'MY_ORDER', '#', '4', '租用中', 'ORDER_RENTING', '000', '2022-10-17 13:08:47', NULL);
INSERT INTO `ct_page_element_config` (`id`, `material_center_item_id`, `type`, `link`, `sort_num`, `describe_info`, `ext_code`, `channel_id`, `create_time`, `delete_time`) VALUES ('87', '60', 'MY_ORDER', '#', '5', '待结算', 'ORDER_WAIT_SETTLE', '000', '2022-10-17 13:09:05', NULL);
INSERT INTO `ct_page_element_config` (`id`, `material_center_item_id`, `type`, `link`, `sort_num`, `describe_info`, `ext_code`, `channel_id`, `create_time`, `delete_time`) VALUES ('89', '61', 'MY_SERVICE', 'pages/collection/collection', '1', '收藏夹', NULL, '000', '2022-10-17 13:10:13', NULL);
INSERT INTO `ct_page_element_config` (`id`, `material_center_item_id`, `type`, `link`, `sort_num`, `describe_info`, `ext_code`, `channel_id`, `create_time`, `delete_time`) VALUES ('84', '62', 'MY_ORDER', '#', '2', '待发货', 'ORDER_WAIT_DELIVERY', '000', '2022-10-17 13:08:09', NULL);
INSERT INTO `ct_page_element_config` (`id`, `material_center_item_id`, `type`, `link`, `sort_num`, `describe_info`, `ext_code`, `channel_id`, `create_time`, `delete_time`) VALUES ('91', '63', 'MY_SERVICE', 'pages/address/address', '3', '收货地址', NULL, '000', '2022-10-17 13:11:19', NULL);
INSERT INTO `ct_page_element_config` (`id`, `material_center_item_id`, `type`, `link`, `sort_num`, `describe_info`, `ext_code`, `channel_id`, `create_time`, `delete_time`) VALUES ('90', '64', 'MY_SERVICE', 'pages/coupon/coupon', '2', '优惠券	', NULL, '000', '2022-10-17 13:10:45', NULL);
INSERT INTO `ct_page_element_config` (`id`, `material_center_item_id`, `type`, `link`, `sort_num`, `describe_info`, `ext_code`, `channel_id`, `create_time`, `delete_time`) VALUES ('92', '65', 'MY_SERVICE', 'pages/complain/complain', '4', '投诉建议', NULL, '000', '2022-10-17 13:11:48', NULL);
INSERT INTO `ct_page_element_config` (`id`, `material_center_item_id`, `type`, `link`, `sort_num`, `describe_info`, `ext_code`, `channel_id`, `create_time`, `delete_time`) VALUES ('93', '67', 'MY_SERVICE', 'pages/depositRecharge/depositRecharge	', '5', '押金管理', NULL, '000', '2022-10-17 13:12:17', NULL);
INSERT INTO `ct_page_element_config` (`id`, `material_center_item_id`, `type`, `link`, `sort_num`, `describe_info`, `ext_code`, `channel_id`, `create_time`, `delete_time`) VALUES ('85', '68', 'MY_ORDER', '#', '3', '待收货', 'ORDER_WAIT_RECEIVE', '000', '2022-10-17 13:08:29', NULL);
INSERT INTO `ct_page_element_config` (`id`, `material_center_item_id`, `type`, `link`, `sort_num`, `describe_info`, `ext_code`, `channel_id`, `create_time`, `delete_time`) VALUES ('109', '69', 'INDEX_BANNER', '/pages/product/product?productId=1665985652046', '1', '#364E7F', NULL, '000', '2022-10-17 13:53:52', NULL);
INSERT INTO `ct_page_element_config` (`id`, `material_center_item_id`, `type`, `link`, `sort_num`, `describe_info`, `ext_code`, `channel_id`, `create_time`, `delete_time`) VALUES ('95', '70', 'ICON', '/pages/goodsList/goodsList?content=游戏电玩&name=游戏电玩', '1', '游戏电玩', NULL, '000', '2022-10-17 13:22:06', NULL);
INSERT INTO `ct_page_element_config` (`id`, `material_center_item_id`, `type`, `link`, `sort_num`, `describe_info`, `ext_code`, `channel_id`, `create_time`, `delete_time`) VALUES ('96', '71', 'ICON', '/pages/goodsList/goodsList?content=手机&name=手机', '2', '手机', NULL, '000', '2022-10-17 13:22:52', NULL);
INSERT INTO `ct_page_element_config` (`id`, `material_center_item_id`, `type`, `link`, `sort_num`, `describe_info`, `ext_code`, `channel_id`, `create_time`, `delete_time`) VALUES ('97', '72', 'ICON', '/pages/goodsList/goodsList?content=配件&name=配件', '3', '配件', NULL, '000', '2022-10-17 13:23:35', NULL);
INSERT INTO `ct_page_element_config` (`id`, `material_center_item_id`, `type`, `link`, `sort_num`, `describe_info`, `ext_code`, `channel_id`, `create_time`, `delete_time`) VALUES ('98', '73', 'ICON', '/pages/goodsList/goodsList?content=相机&name=相机', '4', '相机', NULL, '000', '2022-10-17 13:24:09', NULL);
INSERT INTO `ct_page_element_config` (`id`, `material_center_item_id`, `type`, `link`, `sort_num`, `describe_info`, `ext_code`, `channel_id`, `create_time`, `delete_time`) VALUES ('99', '74', 'ICON', '/pages/goodsList/goodsList?content=电脑平板&name=电脑平板', '5', '电脑平板', NULL, '000', '2022-10-17 13:24:46', NULL);
INSERT INTO `ct_page_element_config` (`id`, `material_center_item_id`, `type`, `link`, `sort_num`, `describe_info`, `ext_code`, `channel_id`, `create_time`, `delete_time`) VALUES ('100', '75', 'ICON', '/pages/goodsList/goodsList?content=健康&name=健康', '6', '健康', NULL, '000', '2022-10-17 13:25:16', NULL);
INSERT INTO `ct_page_element_config` (`id`, `material_center_item_id`, `type`, `link`, `sort_num`, `describe_info`, `ext_code`, `channel_id`, `create_time`, `delete_time`) VALUES ('101', '76', 'ICON', '/pages/goodsList/goodsList?content=苹果&name=苹果', '7', '苹果', NULL, '000', '2022-10-17 13:25:42', NULL);
INSERT INTO `ct_page_element_config` (`id`, `material_center_item_id`, `type`, `link`, `sort_num`, `describe_info`, `ext_code`, `channel_id`, `create_time`, `delete_time`) VALUES ('102', '77', 'ICON', '/pages/classified/classified', '8', '更多', NULL, '000', '2022-10-17 13:26:19', NULL);
INSERT INTO `ct_page_element_config` (`id`, `material_center_item_id`, `type`, `link`, `sort_num`, `describe_info`, `ext_code`, `channel_id`, `create_time`, `delete_time`) VALUES ('108', '78', 'SPECIAL_AREA_MAIN', '/pages/product/product?productId=1665985652046', '1', NULL, NULL, '000', '2022-10-17 13:53:31', NULL);
INSERT INTO `ct_page_element_config` (`id`, `material_center_item_id`, `type`, `link`, `sort_num`, `describe_info`, `ext_code`, `channel_id`, `create_time`, `delete_time`) VALUES ('107', '79', 'SPECIAL_AREA_SUB', '/pages/product/product?productId=1665985652046', '1', NULL, NULL, '000', '2022-10-17 13:53:17', NULL);

INSERT INTO `ct_ope_category` (`id`, `create_time`, `update_time`, `delete_time`, `name`, `icon`, `banner_icon`, `parent_id`, `sort_rule`, `status`, `ant_chain_code`, `zfb_code`, `type`) VALUES ('1662', '2022-10-17 13:32:22', '2022-10-17 13:32:22', NULL, 'iPhone13Pro', NULL, NULL, '1660', '0', '1', '3c_mobile', 'RENT_PHONE', '3');
INSERT INTO `ct_ope_category` (`id`, `create_time`, `update_time`, `delete_time`, `name`, `icon`, `banner_icon`, `parent_id`, `sort_rule`, `status`, `ant_chain_code`, `zfb_code`, `type`) VALUES ('1663', '2022-10-17 13:32:38', '2022-10-17 13:32:38', NULL, 'iPhone13ProMax', NULL, NULL, '1660', '0', '1', '3c_mobile', 'RENT_PHONE', '3');
INSERT INTO `ct_ope_category` (`id`, `create_time`, `update_time`, `delete_time`, `name`, `icon`, `banner_icon`, `parent_id`, `sort_rule`, `status`, `ant_chain_code`, `zfb_code`, `type`) VALUES ('1664', '2022-10-17 13:32:56', '2022-10-17 13:32:56', NULL, 'iPhone14Pro', NULL, NULL, '1660', '0', '1', '3c_mobile', 'RENT_PHONE', '3');
INSERT INTO `ct_ope_category` (`id`, `create_time`, `update_time`, `delete_time`, `name`, `icon`, `banner_icon`, `parent_id`, `sort_rule`, `status`, `ant_chain_code`, `zfb_code`, `type`) VALUES ('1665', '2022-10-17 13:33:15', '2022-10-17 13:33:15', NULL, 'iPhone14ProMax', NULL, NULL, '1660', '0', '1', '3c_mobile', 'RENT_PHONE', '3');
INSERT INTO `ct_ope_category` (`id`, `create_time`, `update_time`, `delete_time`, `name`, `icon`, `banner_icon`, `parent_id`, `sort_rule`, `status`, `ant_chain_code`, `zfb_code`, `type`) VALUES ('1666', '2022-10-17 13:33:50', '2022-10-17 13:33:50', NULL, 'P40', NULL, NULL, '1661', '0', '1', '3c_mobile', 'RENT_PHONE', '3');
INSERT INTO `ct_ope_category` (`id`, `create_time`, `update_time`, `delete_time`, `name`, `icon`, `banner_icon`, `parent_id`, `sort_rule`, `status`, `ant_chain_code`, `zfb_code`, `type`) VALUES ('1667', '2022-10-17 13:33:59', '2022-10-17 13:33:59', NULL, 'Mate4', NULL, NULL, '1661', '0', '1', '3c_mobile', 'RENT_PHONE', '3');
INSERT INTO `ct_ope_category` (`id`, `create_time`, `update_time`, `delete_time`, `name`, `icon`, `banner_icon`, `parent_id`, `sort_rule`, `status`, `ant_chain_code`, `zfb_code`, `type`) VALUES ('1670', '2022-10-17 13:35:00', '2022-10-17 13:35:00', NULL, 'iPadMini', NULL, NULL, '1668', '0', '1', '3c_mobile', 'RENT_PHONE', '3');
INSERT INTO `ct_ope_category` (`id`, `create_time`, `update_time`, `delete_time`, `name`, `icon`, `banner_icon`, `parent_id`, `sort_rule`, `status`, `ant_chain_code`, `zfb_code`, `type`) VALUES ('1671', '2022-10-17 13:35:14', '2022-10-17 13:35:14', NULL, 'iPadPro', NULL, NULL, '1668', '0', '1', '3c_mobile', 'RENT_PHONE', '3');
INSERT INTO `ct_ope_category` (`id`, `create_time`, `update_time`, `delete_time`, `name`, `icon`, `banner_icon`, `parent_id`, `sort_rule`, `status`, `ant_chain_code`, `zfb_code`, `type`) VALUES ('1672', '2022-10-17 13:35:29', '2022-10-17 13:35:29', NULL, '华为matePad', NULL, NULL, '1669', '0', '1', '3c_mobile', 'RENT_PHONE', '3');
INSERT INTO `ct_ope_category` (`id`, `create_time`, `update_time`, `delete_time`, `name`, `icon`, `banner_icon`, `parent_id`, `sort_rule`, `status`, `ant_chain_code`, `zfb_code`, `type`) VALUES ('1673', '2022-10-21 10:09:06', '2022-10-21 10:09:06', NULL, '手机优选', '', '', '0', '1', '1', '3c_mobile', 'RENT_PHONE', '1');
INSERT INTO `ct_ope_category` (`id`, `create_time`, `update_time`, `delete_time`, `name`, `icon`, `banner_icon`, `parent_id`, `sort_rule`, `status`, `ant_chain_code`, `zfb_code`, `type`) VALUES ('1674', '2022-10-21 10:09:47', '2022-10-21 10:09:47', NULL, '苹果手机', '', '', '1673', '2', '1', '3c_mobile', 'RENT_PHONE', '2');
INSERT INTO `ct_ope_category` (`id`, `create_time`, `update_time`, `delete_time`, `name`, `icon`, `banner_icon`, `parent_id`, `sort_rule`, `status`, `ant_chain_code`, `zfb_code`, `type`) VALUES ('1676', '2022-10-21 10:14:45', '2022-10-21 10:14:45', NULL, 'OPPO手机', '', '', '1673', '3', '1', '3c_mobile', 'RENT_PHONE', '2');
INSERT INTO `ct_ope_category` (`id`, `create_time`, `update_time`, `delete_time`, `name`, `icon`, `banner_icon`, `parent_id`, `sort_rule`, `status`, `ant_chain_code`, `zfb_code`, `type`) VALUES ('1677', '2022-10-21 10:15:18', '2022-10-21 10:15:18', NULL, 'VIVO/IQOO手机', '', '', '1673', '4', '1', '3c_mobile', 'RENT_PHONE', '2');
INSERT INTO `ct_ope_category` (`id`, `create_time`, `update_time`, `delete_time`, `name`, `icon`, `banner_icon`, `parent_id`, `sort_rule`, `status`, `ant_chain_code`, `zfb_code`, `type`) VALUES ('1678', '2022-10-21 10:15:45', '2022-10-21 10:15:45', NULL, '小米手机', '', '', '1673', '5', '1', '3c_mobile', 'RENT_PHONE', '2');
INSERT INTO `ct_ope_category` (`id`, `create_time`, `update_time`, `delete_time`, `name`, `icon`, `banner_icon`, `parent_id`, `sort_rule`, `status`, `ant_chain_code`, `zfb_code`, `type`) VALUES ('1679', '2022-10-21 10:16:12', '2022-10-21 10:16:12', NULL, '荣耀手机', '', '', '1673', '6', '1', '3c_mobile', 'RENT_PHONE', '2');
INSERT INTO `ct_ope_category` (`id`, `create_time`, `update_time`, `delete_time`, `name`, `icon`, `banner_icon`, `parent_id`, `sort_rule`, `status`, `ant_chain_code`, `zfb_code`, `type`) VALUES ('1680', '2022-10-21 10:18:11', '2022-10-21 10:18:11', NULL, '华为Mate50(4G版)8G+128G', NULL, NULL, '1675', '0', '1', '3c_mobile', 'RENT_PHONE', '3');
INSERT INTO `ct_ope_category` (`id`, `create_time`, `update_time`, `delete_time`, `name`, `icon`, `banner_icon`, `parent_id`, `sort_rule`, `status`, `ant_chain_code`, `zfb_code`, `type`) VALUES ('1681', '2022-10-21 10:19:10', '2022-10-21 10:19:10', NULL, '华为Mate50(4G版)8G+256G', NULL, NULL, '1675', '0', '1', '3c_mobile', 'RENT_PHONE', '3');
INSERT INTO `ct_ope_category` (`id`, `create_time`, `update_time`, `delete_time`, `name`, `icon`, `banner_icon`, `parent_id`, `sort_rule`, `status`, `ant_chain_code`, `zfb_code`, `type`) VALUES ('1682', '2022-10-21 10:20:32', '2022-10-21 10:20:32', NULL, '华为Mate50(4G版）8G+512G', NULL, NULL, '1675', '0', '1', '3c_mobile', 'RENT_PHONE', '3');
INSERT INTO `ct_ope_category` (`id`, `create_time`, `update_time`, `delete_time`, `name`, `icon`, `banner_icon`, `parent_id`, `sort_rule`, `status`, `ant_chain_code`, `zfb_code`, `type`) VALUES ('1683', '2022-10-21 10:21:50', '2022-10-21 10:21:50', NULL, '华为Mate50E(4G版）8G+128G', NULL, NULL, '1675', '0', '1', '3c_mobile', 'RENT_PHONE', '3');
INSERT INTO `ct_ope_category` (`id`, `create_time`, `update_time`, `delete_time`, `name`, `icon`, `banner_icon`, `parent_id`, `sort_rule`, `status`, `ant_chain_code`, `zfb_code`, `type`) VALUES ('1684', '2022-10-21 10:22:05', '2022-10-21 10:22:05', NULL, '华为Mate50E(4G版）8G+256G', NULL, NULL, '1675', '0', '1', '3c_mobile', 'RENT_PHONE', '3');
INSERT INTO `ct_ope_category` (`id`, `create_time`, `update_time`, `delete_time`, `name`, `icon`, `banner_icon`, `parent_id`, `sort_rule`, `status`, `ant_chain_code`, `zfb_code`, `type`) VALUES ('1685', '2022-10-21 10:22:45', '2022-10-21 10:22:45', NULL, '华为Mate50pro(4G版）8G+256G', NULL, NULL, '1675', '0', '1', '3c_mobile', 'RENT_PHONE', '3');
INSERT INTO `ct_ope_category` (`id`, `create_time`, `update_time`, `delete_time`, `name`, `icon`, `banner_icon`, `parent_id`, `sort_rule`, `status`, `ant_chain_code`, `zfb_code`, `type`) VALUES ('1686', '2022-10-21 10:23:12', '2022-10-21 10:23:12', NULL, '华为Mate50pro(4G版）8G+512G', NULL, NULL, '1675', '0', '1', '3c_mobile', 'RENT_PHONE', '3');
INSERT INTO `ct_ope_category` (`id`, `create_time`, `update_time`, `delete_time`, `name`, `icon`, `banner_icon`, `parent_id`, `sort_rule`, `status`, `ant_chain_code`, `zfb_code`, `type`) VALUES ('1687', '2022-10-21 10:26:23', '2022-10-21 10:26:23', NULL, '华为Mate40E(5G版）8G+128G', NULL, NULL, '1675', '0', '1', '3c_mobile', 'RENT_PHONE', '3');
INSERT INTO `ct_ope_category` (`id`, `create_time`, `update_time`, `delete_time`, `name`, `icon`, `banner_icon`, `parent_id`, `sort_rule`, `status`, `ant_chain_code`, `zfb_code`, `type`) VALUES ('1688', '2022-10-21 10:27:20', '2022-10-21 10:27:20', NULL, '华为Mate40E Pro(5G版）8G+256G', NULL, NULL, '1675', '0', '1', '3c_mobile', 'RENT_PHONE', '3');
INSERT INTO `ct_ope_category` (`id`, `create_time`, `update_time`, `delete_time`, `name`, `icon`, `banner_icon`, `parent_id`, `sort_rule`, `status`, `ant_chain_code`, `zfb_code`, `type`) VALUES ('1689', '2022-10-21 10:28:07', '2022-10-21 10:28:07', NULL, '华为NOVA10(4G版）8G+128G', NULL, NULL, '1675', '0', '1', '3c_mobile', 'RENT_PHONE', '3');
INSERT INTO `ct_ope_category` (`id`, `create_time`, `update_time`, `delete_time`, `name`, `icon`, `banner_icon`, `parent_id`, `sort_rule`, `status`, `ant_chain_code`, `zfb_code`, `type`) VALUES ('1690', '2022-10-21 10:28:42', '2022-10-21 10:28:42', NULL, '华为NOVA10(4G版）8G+256G', NULL, NULL, '1675', '0', '1', '3c_mobile', 'RENT_PHONE', '3');
INSERT INTO `ct_ope_category` (`id`, `create_time`, `update_time`, `delete_time`, `name`, `icon`, `banner_icon`, `parent_id`, `sort_rule`, `status`, `ant_chain_code`, `zfb_code`, `type`) VALUES ('1691', '2022-10-21 10:29:29', '2022-10-21 10:29:29', NULL, '华为NOVA10Pro(4G版）8G+128G', NULL, NULL, '1675', '0', '1', '3c_mobile', 'RENT_PHONE', '3');
INSERT INTO `ct_ope_category` (`id`, `create_time`, `update_time`, `delete_time`, `name`, `icon`, `banner_icon`, `parent_id`, `sort_rule`, `status`, `ant_chain_code`, `zfb_code`, `type`) VALUES ('1692', '2022-10-21 10:29:44', '2022-10-21 10:29:44', NULL, '华为NOVA10Pro(4G版）8G+256G', NULL, NULL, '1675', '0', '1', '3c_mobile', 'RENT_PHONE', '3');
INSERT INTO `ct_ope_category` (`id`, `create_time`, `update_time`, `delete_time`, `name`, `icon`, `banner_icon`, `parent_id`, `sort_rule`, `status`, `ant_chain_code`, `zfb_code`, `type`) VALUES ('1693', '2022-10-21 10:30:13', '2022-10-21 10:30:13', NULL, '华为NOVA10Z(4G版）8G+128G', NULL, NULL, '1675', '0', '1', '3c_mobile', 'RENT_PHONE', '3');
INSERT INTO `ct_ope_category` (`id`, `create_time`, `update_time`, `delete_time`, `name`, `icon`, `banner_icon`, `parent_id`, `sort_rule`, `status`, `ant_chain_code`, `zfb_code`, `type`) VALUES ('1694', '2022-10-21 10:30:38', '2022-10-21 10:30:38', NULL, '华为NOVA10Z(4G版）8G+256G', NULL, NULL, '1675', '0', '1', '3c_mobile', 'RENT_PHONE', '3');
INSERT INTO `ct_ope_category` (`id`, `create_time`, `update_time`, `delete_time`, `name`, `icon`, `banner_icon`, `parent_id`, `sort_rule`, `status`, `ant_chain_code`, `zfb_code`, `type`) VALUES ('1695', '2022-10-21 10:31:12', '2022-10-21 10:31:12', NULL, '华为NOVA9(4G版）8G+256G', NULL, NULL, '1675', '0', '1', '3c_mobile', 'RENT_PHONE', '3');
INSERT INTO `ct_ope_category` (`id`, `create_time`, `update_time`, `delete_time`, `name`, `icon`, `banner_icon`, `parent_id`, `sort_rule`, `status`, `ant_chain_code`, `zfb_code`, `type`) VALUES ('1696', '2022-10-21 10:31:35', '2022-10-21 10:31:35', NULL, '华为NOVA9Pro(4G版）8G+256G', NULL, NULL, '1675', '0', '1', '3c_mobile', 'RENT_PHONE', '3');
INSERT INTO `ct_ope_category` (`id`, `create_time`, `update_time`, `delete_time`, `name`, `icon`, `banner_icon`, `parent_id`, `sort_rule`, `status`, `ant_chain_code`, `zfb_code`, `type`) VALUES ('1697', '2022-10-21 10:32:43', '2022-10-21 10:32:43', NULL, '华为NOVA9SE(4G版）8G+128G', NULL, NULL, '1675', '0', '1', '3c_mobile', 'RENT_PHONE', '3');
INSERT INTO `ct_ope_category` (`id`, `create_time`, `update_time`, `delete_time`, `name`, `icon`, `banner_icon`, `parent_id`, `sort_rule`, `status`, `ant_chain_code`, `zfb_code`, `type`) VALUES ('1698', '2022-10-21 10:32:58', '2022-10-21 10:32:58', NULL, '华为NOVA9SE(4G版）8G+256G', NULL, NULL, '1675', '0', '1', '3c_mobile', 'RENT_PHONE', '3');
INSERT INTO `ct_ope_category` (`id`, `create_time`, `update_time`, `delete_time`, `name`, `icon`, `banner_icon`, `parent_id`, `sort_rule`, `status`, `ant_chain_code`, `zfb_code`, `type`) VALUES ('1699', '2022-10-21 10:47:17', '2022-10-21 10:47:17', NULL, '苹果原装蓝牙耳机二代AirPods', NULL, NULL, '1674', '0', '1', '3c_mobile', 'RENT_PHONE', '3');
INSERT INTO `ct_ope_category` (`id`, `create_time`, `update_time`, `delete_time`, `name`, `icon`, `banner_icon`, `parent_id`, `sort_rule`, `status`, `ant_chain_code`, `zfb_code`, `type`) VALUES ('1700', '2022-10-21 10:48:30', '2022-10-21 10:48:30', NULL, '苹果原装蓝牙耳机三代无线AirPods', NULL, NULL, '1674', '0', '1', '3c_mobile', 'RENT_PHONE', '3');
INSERT INTO `ct_ope_category` (`id`, `create_time`, `update_time`, `delete_time`, `name`, `icon`, `banner_icon`, `parent_id`, `sort_rule`, `status`, `ant_chain_code`, `zfb_code`, `type`) VALUES ('1701', '2022-10-21 10:49:50', '2022-10-21 10:49:50', NULL, '苹果原装蓝牙耳机三代有线AirPods', NULL, NULL, '1674', '0', '1', '3c_mobile', 'RENT_PHONE', '3');
INSERT INTO `ct_ope_category` (`id`, `create_time`, `update_time`, `delete_time`, `name`, `icon`, `banner_icon`, `parent_id`, `sort_rule`, `status`, `ant_chain_code`, `zfb_code`, `type`) VALUES ('1702', '2022-10-21 10:50:40', '2022-10-21 10:50:40', NULL, '苹果无线蓝牙耳机AirPods PRO二代', NULL, NULL, '1674', '0', '1', '3c_mobile', 'RENT_PHONE', '3');
INSERT INTO `ct_ope_category` (`id`, `create_time`, `update_time`, `delete_time`, `name`, `icon`, `banner_icon`, `parent_id`, `sort_rule`, `status`, `ant_chain_code`, `zfb_code`, `type`) VALUES ('1703', '2022-10-21 10:52:03', '2022-10-21 10:52:03', NULL, '苹果原装蓝牙耳机AirPods Pro(配Magsafe无线充电盒）', NULL, NULL, '1674', '0', '1', '3c_mobile', 'RENT_PHONE', '3');
INSERT INTO `ct_ope_category` (`id`, `create_time`, `update_time`, `delete_time`, `name`, `icon`, `banner_icon`, `parent_id`, `sort_rule`, `status`, `ant_chain_code`, `zfb_code`, `type`) VALUES ('1704', '2022-10-21 10:53:10', '2022-10-21 10:53:10', NULL, '苹果14（A2884）-128G', NULL, NULL, '1674', '0', '1', '3c_mobile', 'RENT_PHONE', '3');
INSERT INTO `ct_ope_category` (`id`, `create_time`, `update_time`, `delete_time`, `name`, `icon`, `banner_icon`, `parent_id`, `sort_rule`, `status`, `ant_chain_code`, `zfb_code`, `type`) VALUES ('1705', '2022-10-21 10:53:21', '2022-10-21 10:53:21', NULL, '苹果14（A2884）-256G', NULL, NULL, '1674', '0', '1', '3c_mobile', 'RENT_PHONE', '3');
INSERT INTO `ct_ope_category` (`id`, `create_time`, `update_time`, `delete_time`, `name`, `icon`, `banner_icon`, `parent_id`, `sort_rule`, `status`, `ant_chain_code`, `zfb_code`, `type`) VALUES ('1706', '2022-10-21 10:53:33', '2022-10-21 10:53:33', NULL, '苹果14（A2884）-512G', NULL, NULL, '1674', '0', '1', '3c_mobile', 'RENT_PHONE', '3');
INSERT INTO `ct_ope_category` (`id`, `create_time`, `update_time`, `delete_time`, `name`, `icon`, `banner_icon`, `parent_id`, `sort_rule`, `status`, `ant_chain_code`, `zfb_code`, `type`) VALUES ('1707', '2022-10-21 10:54:17', '2022-10-21 10:54:17', NULL, '苹果14Pro（A2892）-128G', NULL, NULL, '1674', '0', '1', '3c_mobile', 'RENT_PHONE', '3');
INSERT INTO `ct_ope_category` (`id`, `create_time`, `update_time`, `delete_time`, `name`, `icon`, `banner_icon`, `parent_id`, `sort_rule`, `status`, `ant_chain_code`, `zfb_code`, `type`) VALUES ('1708', '2022-10-21 10:54:30', '2022-10-21 10:54:30', NULL, '苹果14Pro（A2892）-256G', NULL, NULL, '1674', '0', '1', '3c_mobile', 'RENT_PHONE', '3');
INSERT INTO `ct_ope_category` (`id`, `create_time`, `update_time`, `delete_time`, `name`, `icon`, `banner_icon`, `parent_id`, `sort_rule`, `status`, `ant_chain_code`, `zfb_code`, `type`) VALUES ('1709', '2022-10-21 10:54:43', '2022-10-21 10:54:43', NULL, '苹果14Pro（A2892）-512G', NULL, NULL, '1674', '0', '1', '3c_mobile', 'RENT_PHONE', '3');
INSERT INTO `ct_ope_category` (`id`, `create_time`, `update_time`, `delete_time`, `name`, `icon`, `banner_icon`, `parent_id`, `sort_rule`, `status`, `ant_chain_code`, `zfb_code`, `type`) VALUES ('1710', '2022-10-21 10:55:18', '2022-10-21 10:55:18', NULL, '苹果14Pro Max（A2896）-128G', NULL, NULL, '1674', '0', '1', '3c_mobile', 'RENT_PHONE', '3');
INSERT INTO `ct_ope_category` (`id`, `create_time`, `update_time`, `delete_time`, `name`, `icon`, `banner_icon`, `parent_id`, `sort_rule`, `status`, `ant_chain_code`, `zfb_code`, `type`) VALUES ('1711', '2022-10-21 10:55:31', '2022-10-21 10:55:31', NULL, '苹果14Pro Max（A2896）-256G', NULL, NULL, '1674', '0', '1', '3c_mobile', 'RENT_PHONE', '3');
INSERT INTO `ct_ope_category` (`id`, `create_time`, `update_time`, `delete_time`, `name`, `icon`, `banner_icon`, `parent_id`, `sort_rule`, `status`, `ant_chain_code`, `zfb_code`, `type`) VALUES ('1712', '2022-10-21 10:55:47', '2022-10-21 10:55:47', NULL, '苹果14Pro Max（A2896）-512G', NULL, NULL, '1674', '0', '1', '3c_mobile', 'RENT_PHONE', '3');
INSERT INTO `ct_ope_category` (`id`, `create_time`, `update_time`, `delete_time`, `name`, `icon`, `banner_icon`, `parent_id`, `sort_rule`, `status`, `ant_chain_code`, `zfb_code`, `type`) VALUES ('1713', '2022-10-21 10:56:15', '2022-10-21 10:56:15', NULL, '苹果14Pro Max（A2896）-1T', NULL, NULL, '1674', '0', '1', '3c_mobile', 'RENT_PHONE', '3');
INSERT INTO `ct_ope_category` (`id`, `create_time`, `update_time`, `delete_time`, `name`, `icon`, `banner_icon`, `parent_id`, `sort_rule`, `status`, `ant_chain_code`, `zfb_code`, `type`) VALUES ('1714', '2022-10-21 10:57:12', '2022-10-21 10:57:12', NULL, '苹果14PLus(A2888)-128G', NULL, NULL, '1674', '0', '1', '3c_mobile', 'RENT_PHONE', '3');

INSERT INTO `ct_ope_config` (`id`, `channel_id`, `index_type`, `config_id`, `create_time`, `update_time`, `delete_time`) VALUES ('3267', '000', '6', '1673', '2022-10-21 10:09:06', NULL, NULL);
INSERT INTO `ct_ope_config` (`id`, `channel_id`, `index_type`, `config_id`, `create_time`, `update_time`, `delete_time`) VALUES ('3268', '000', '6', '1674', '2022-10-21 10:09:47', NULL, NULL);
INSERT INTO `ct_ope_config` (`id`, `channel_id`, `index_type`, `config_id`, `create_time`, `update_time`, `delete_time`) VALUES ('3269', '000', '6', '1675', '2022-10-21 10:11:16', NULL, NULL);
INSERT INTO `ct_ope_config` (`id`, `channel_id`, `index_type`, `config_id`, `create_time`, `update_time`, `delete_time`) VALUES ('3270', '000', '6', '1676', '2022-10-21 10:14:45', NULL, NULL);
INSERT INTO `ct_ope_config` (`id`, `channel_id`, `index_type`, `config_id`, `create_time`, `update_time`, `delete_time`) VALUES ('3271', '000', '6', '1677', '2022-10-21 10:15:18', NULL, NULL);
INSERT INTO `ct_ope_config` (`id`, `channel_id`, `index_type`, `config_id`, `create_time`, `update_time`, `delete_time`) VALUES ('3272', '000', '6', '1678', '2022-10-21 10:15:45', NULL, NULL);
INSERT INTO `ct_ope_config` (`id`, `channel_id`, `index_type`, `config_id`, `create_time`, `update_time`, `delete_time`) VALUES ('3273', '000', '6', '1679', '2022-10-21 10:16:12', NULL, NULL);
INSERT INTO `ct_ope_config` (`id`, `channel_id`, `index_type`, `config_id`, `create_time`, `update_time`, `delete_time`) VALUES ('3275', '000', '6', '2026', '2022-10-25 14:50:15', NULL, NULL);
INSERT INTO `ct_ope_config` (`id`, `channel_id`, `index_type`, `config_id`, `create_time`, `update_time`, `delete_time`) VALUES ('3276', '000', '6', '2027', '2022-10-25 14:51:04', NULL, NULL);
INSERT INTO `ct_ope_config` (`id`, `channel_id`, `index_type`, `config_id`, `create_time`, `update_time`, `delete_time`) VALUES ('3277', '000', '6', '2028', '2022-10-25 14:51:25', NULL, NULL);
INSERT INTO `ct_ope_config` (`id`, `channel_id`, `index_type`, `config_id`, `create_time`, `update_time`, `delete_time`) VALUES ('3278', '000', '6', '2029', '2022-10-25 14:51:42', NULL, NULL);
INSERT INTO `ct_ope_config` (`id`, `channel_id`, `index_type`, `config_id`, `create_time`, `update_time`, `delete_time`) VALUES ('3279', '000', '6', '2030', '2022-10-25 14:52:03', NULL, NULL);
INSERT INTO `ct_ope_config` (`id`, `channel_id`, `index_type`, `config_id`, `create_time`, `update_time`, `delete_time`) VALUES ('3280', '000', '6', '2025', '2022-10-25 14:56:13', NULL, NULL);
INSERT INTO `ct_ope_config` (`id`, `channel_id`, `index_type`, `config_id`, `create_time`, `update_time`, `delete_time`) VALUES ('3281', '000', '6', '2082', '2022-10-25 15:24:59', NULL, NULL);
INSERT INTO `ct_ope_config` (`id`, `channel_id`, `index_type`, `config_id`, `create_time`, `update_time`, `delete_time`) VALUES ('3282', '000', '6', '2083', '2022-10-25 15:25:14', NULL, NULL);
INSERT INTO `ct_ope_config` (`id`, `channel_id`, `index_type`, `config_id`, `create_time`, `update_time`, `delete_time`) VALUES ('3283', '000', '6', '2084', '2022-10-25 15:25:27', NULL, NULL);


INSERT INTO `ct_buyun_sms_template` (`id`, `tpl_id`, `autograph`, `content`, `use_case`, `status`, `create_time`, `update_time`, `delete_time`, `sms_type`) VALUES ('312', 'ORDER_BUY_OUT_SUCCESS', 'XX租赁', '您尾号为#orderId#的订单已买断支付成功,有问题请联系客服LINK_MOBILE,工作日9:30—18:00在线', NULL, '0', '2021-01-06 16:05:04', NULL, NULL, 'RENT');
INSERT INTO `ct_buyun_sms_template` (`id`, `tpl_id`, `autograph`, `content`, `use_case`, `status`, `create_time`, `update_time`, `delete_time`, `sms_type`) VALUES ('316', 'ORDER_PALT_CLOSE', 'XX租赁', '您尾号为#orderNo#的订单已取消退款并解冻押金,金额已原路退回请查收,有问题请拨打#serviceTel#,在线9:30-18:00', NULL, '0', '2021-01-10 16:05:04', NULL, NULL, 'RENT');
INSERT INTO `ct_buyun_sms_template` (`id`, `tpl_id`, `autograph`, `content`, `use_case`, `status`, `create_time`, `update_time`, `delete_time`, `sms_type`) VALUES ('317', 'BUSINESS_DELIVERY', 'XX租赁', '您租的：#productName# 已发货;发货物流公司(#logisticsName#);快递单号(#expressNo#)', NULL, '0', '2021-01-11 16:05:04', NULL, NULL, 'RENT');
INSERT INTO `ct_buyun_sms_template` (`id`, `tpl_id`, `autograph`, `content`, `use_case`, `status`, `create_time`, `update_time`, `delete_time`, `sms_type`) VALUES ('318', 'RISK_CLOSE', 'XX租赁', '您的尾号为为#orderId#的订单审核未通过，已取消退款并解冻押金,金额已原路退回请查收,有问题请拨打#serviceTel#', NULL, '0', '2021-01-12 16:05:04', NULL, NULL, 'RENT');
INSERT INTO `ct_buyun_sms_template` (`id`, `tpl_id`, `autograph`, `content`, `use_case`, `status`, `create_time`, `update_time`, `delete_time`, `sms_type`) VALUES ('319', 'ORDER_PAY_SUCCESS', 'XX租赁', '您的尾号为#orderId#的订单已支付成功, 商品已备货，请等待审核通过后发货。有问题请拨打#serviceTel#,工作日(9:30-18:00)在线。温馨提示：近期电信网络诈骗高发，凡是要求私下交易转账的都是诈骗，请勿轻易操作以防被骗。', NULL, '0', '2021-01-13 16:05:04', NULL, NULL, 'RENT');
INSERT INTO `ct_buyun_sms_template` (`id`, `tpl_id`, `autograph`, `content`, `use_case`, `status`, `create_time`, `update_time`, `delete_time`, `sms_type`) VALUES ('320', 'ORDER_PAY_FAIL_CLOSE', 'XX租赁', '您的尾号为#orderId#的订单扣款失败已关闭，请确保支付宝账户余额或余额宝金额大于首期实付款；在支付宝搜索XXXX，重新下单。', NULL, '0', '2021-01-14 16:05:04', NULL, NULL, 'RENT');
INSERT INTO `ct_buyun_sms_template` (`id`, `tpl_id`, `autograph`, `content`, `use_case`, `status`, `create_time`, `update_time`, `delete_time`, `sms_type`) VALUES ('322', 'REAL_NAME', 'XX租赁', '您正在进行身份认证，您的验证码是#code#。如非本人操作，请忽略本短信', NULL, '0', '2021-01-16 16:05:04', NULL, NULL, 'RENT');
INSERT INTO `ct_buyun_sms_template` (`id`, `tpl_id`, `autograph`, `content`, `use_case`, `status`, `create_time`, `update_time`, `delete_time`, `sms_type`) VALUES ('399', 'RELET_ORDER_PAY_SUCCESS', 'XX租赁', '您的【XX租赁】订单已续租成功。有问题请拨打#serviceTel#,工作日(9:30-18:00)在线', NULL, '0', '2021-08-02 09:40:51', NULL, NULL, 'RENT');
INSERT INTO `ct_buyun_sms_template` (`id`, `tpl_id`, `autograph`, `content`, `use_case`, `status`, `create_time`, `update_time`, `delete_time`, `sms_type`) VALUES ('400', 'RELET_TO_BUSINESS', 'XX租赁', '商家您好,用户:#userName#,订单号#OrderId#,已提交续租，续租订单号#ReletOrderId#，请登录XXXX商家管理后台查看。', NULL, '0', '2021-08-02 09:40:08', NULL, NULL, 'RENT');
INSERT INTO `ct_buyun_sms_template` (`id`, `tpl_id`, `autograph`, `content`, `use_case`, `status`, `create_time`, `update_time`, `delete_time`, `sms_type`) VALUES ('481', 'BUSINESS_UPDATE_PASSWORD', 'XX租赁', '正在找回密码，您的验证码是#code#', NULL, '0', '2022-06-22 16:08:12', NULL, NULL, 'RENT');


INSERT INTO `ct_config_column` (`id`, `channel_id`, `type`, `name`, `url`, `product_ids`, `paperwork`, `jump_url`, `create_time`, `update_time`) VALUES ('1', '000', 'COLUMN', '爆款产品', 'https://1.png', '1,2', '文案', NULL, '2023-05-26 14:22:32', '2023-06-07 11:19:39');
INSERT INTO `ct_config_column` (`id`, `channel_id`, `type`, `name`, `url`, `product_ids`, `paperwork`, `jump_url`, `create_time`, `update_time`) VALUES ('2', '000', 'COLUMN', '特惠租机', 'https://2.png', '1,2', '文案', NULL, '2023-05-26 14:22:32', '2023-06-07 11:19:51');
INSERT INTO `ct_config_column` (`id`, `channel_id`, `type`, `name`, `url`, `product_ids`, `paperwork`, `jump_url`, `create_time`, `update_time`) VALUES ('3', '000', 'ACTIVITY', '活动专区', 'https://3.png', NULL, NULL, 'pages/collection/collection  ', '2023-05-26 14:25:43', '2023-06-05 14:22:55');
INSERT INTO `ct_config_column` (`id`, `channel_id`, `type`, `name`, `url`, `product_ids`, `paperwork`, `jump_url`, `create_time`, `update_time`) VALUES ('4', '000', 'ACTIVITY', '活动专区', 'https://4.png', NULL, NULL, 'pages/collection/collection  ', '2023-05-26 14:25:43', '2023-05-26 16:14:39');
INSERT INTO `ct_config_column` (`id`, `channel_id`, `type`, `name`, `url`, `product_ids`, `paperwork`, `jump_url`, `create_time`, `update_time`) VALUES ('5', '000', 'ACTIVITY', '活动专区', 'https://5.png', NULL, NULL, 'pages/collection/collection  ', '2023-05-26 14:25:41', '2023-05-26 15:10:40');
